Country,CountryIDNum,New_cases,New_deaths
United States of America,840,89803788,1018670
India,356,43979730,526258
Brazil,076,33704393,677804
France,250,32768452,148462
Germany,276,30787309,143855
The United Kingdom,826,23304931,183953
Italy,380,20898059,171638
Republic of Korea,410,19620517,24992
Russian Federation,643,18576973,382352
Türkiye,792,15524071,99184
